[
    {
        "id": "2DPRGFH234",
        "guest": "Alice Smith",
        "phone_number": "+1 123-456-7890",
        "order_date": "2023-10-01",
        "check_in": "2023-10-10",
        "check_out": "2023-10-15",
        "special_request": "",
        "room_type": "Double Bed",
        "room_number": "201",
        "status": "CheckOut",
        "photos": [
            "https://i.pinimg.com/originals/56/2c/97/562c97a653e162511371c8bb97286486.jpg",
            "https://media.istockphoto.com/id/1384894485/photo/interior-of-a-small-double-bed-hotel-bedroom.jpg?s=612x612&w=0&k=20&c=hMvvnAlfTvDYz5ltQHhBKzWcZt6yGUoHqCZeD6gRWRE=",
            "https://c8.alamy.com/comp/RKKRNM/simple-small-hotel-room-classic-single-bed-RKKRNM.jpg"
        ]
    },
    {
        "id": "2EFGH234",
        "guest": "Bob Johnson",
        "phone_number": "+1 234-567-8901",
        "order_date": "2023-10-02",
        "check_in": "2023-10-11",
        "check_out": "2023-10-16",
        "special_request": "I'd like an extra blanket.",
        "room_type": "Single Bed",
        "room_number": "101",
        "status": "CheckIn",
        "photos": [
            "https://example.com/room_photos/single_bed_1_medium.jpg",
            "https://example.com/room_photos/single_bed_2_medium.jpg",
            "https://example.com/room_photos/single_bed_3_medium.jpg"
        ]
    },
    {
        "id": "3HIJK567",
        "guest": "Charlie Brown",
        "phone_number": "+1 345-678-9012",
        "order_date": "2023-10-03",
        "check_in": "2023-10-12",
        "check_out": "2023-10-17",
        "special_request": "Please provide a baby crib.",
        "room_type": "Suite",
        "room_number": "301",
        "status": "In Progress",
        "photos": [
            "https://example.com/room_photos/suite_1_medium.jpg",
            "https://example.com/room_photos/suite_2_medium.jpg",
            "https://example.com/room_photos/suite_3_medium.jpg"
        ]
    },
    {
        "id": "4LMNOP89",
        "guest": "David Lee",
        "phone_number": "+1 456-789-0123",
        "order_date": "2023-10-04",
        "check_in": "2023-10-13",
        "check_out": "2023-10-18",
        "special_request": "I'd like a bottle of champagne in the room.",
        "room_type": "Double Superior",
        "room_number": "121",
        "status": "CheckIn",
        "photos": [
            "https://example.com/room_photos/double_superior_1_medium.jpg",
            "https://example.com/room_photos/double_superior_2_medium.jpg",
            "https://example.com/room_photos/double_superior_3_medium.jpg"
        ]
    },
    {
        "id": "5QRSTUV0",
        "guest": "Emily Wilson",
        "phone_number": "+1 567-890-1234",
        "order_date": "2023-10-05",
        "check_in": "2023-10-14",
        "check_out": "2023-10-19",
        "special_request": "",
        "room_type": "Single Bed",
        "room_number": "208",
        "status": "In Progress",
        "photos": [
            "https://example.com/room_photos/single_bed_1_medium.jpg",
            "https://example.com/room_photos/single_bed_2_medium.jpg",
            "https://example.com/room_photos/single_bed_3_medium.jpg"
        ]
    },
    {
        "id": "6WXYZ123",
        "guest": "Frank Davis",
        "phone_number": "+1 678-901-2345",
        "order_date": "2023-10-06",
        "check_in": "2023-10-15",
        "check_out": "2023-10-20",
        "special_request": "",
        "room_type": "Suite",
        "room_number": "405",
        "status": "CheckOut",
        "photos": [
            "https://example.com/room_photos/suite_1_medium.jpg",
            "https://example.com/room_photos/suite_2_medium.jpg",
            "https://example.com/room_photos/suite_3_medium.jpg"
        ]
    },
    {
        "id": "7UVWXYZ0",
        "guest": "Grace Taylor",
        "phone_number": "+1 789-012-3456",
        "order_date": "2023-10-07",
        "check_in": "2023-10-16",
        "check_out": "2023-10-21",
        "special_request": "",
        "room_type": "Double Bed",
        "room_number": "1503",
        "status": "CheckIn",
        "photos": [
            "https://i.pinimg.com/originals/56/2c/97/562c97a653e162511371c8bb97286486.jpg",
            "https://media.istockphoto.com/id/1384894485/photo/interior-of-a-small-double-bed-hotel-bedroom.jpg?s=612x612&w=0&k=20&c=hMvvnAlfTvDYz5ltQHhBKzWcZt6yGUoHqCZeD6gRWRE=",
            "https://c8.alamy.com/comp/RKKRNM/simple-small-hotel-room-classic-single-bed-RKKRNM.jpg"
        ]
    },
    {
        "id": "8XYZABC1",
        "guest": "Hannah Parker",
        "phone_number": "+1 890-123-4567",
        "order_date": "2023-10-08",
        "check_in": "2023-10-17",
        "check_out": "2023-10-22",
        "special_request": "",
        "room_type": "Double Superior",
        "room_number": "507",
        "status": "CheckOut",
        "photos": [
            "https://example.com/room_photos/double_superior_1_medium.jpg",
            "https://example.com/room_photos/double_superior_2_medium.jpg",
            "https://example.com/room_photos/double_superior_3_medium.jpg"
        ]
    },
    {
        "id": "9ABCDEFG",
        "guest": "Isabella Turner",
        "phone_number": "+1 901-234-5678",
        "order_date": "2023-10-09",
        "check_in": "2023-10-18",
        "check_out": "2023-10-23",
        "special_request": "I'd like a wake-up call at 7 AM and a daily newspaper.",
        "room_type": "Suite",
        "room_number": "809",
        "status": "CheckIn",
        "photos": [
            "https://example.com/room_photos/suite_1_medium.jpg",
            "https://example.com/room_photos/suite_2_medium.jpg",
            "https://example.com/room_photos/suite_3_medium.jpg"
        ]
    },
    {
        "id": "10BCDEFG",
        "guest": "Jack Harris",
        "phone_number": "+1 012-345-6789",
        "order_date": "2023-10-10",
        "check_in": "2023-10-19",
        "check_out": "2023-10-24",
        "special_request": "Please provide extra blankets.",
        "room_type": "Double Bed",
        "room_number": "209",
        "status": "CheckIn",
        "photos": [
            "https://i.pinimg.com/originals/56/2c/97/562c97a653e162511371c8bb97286486.jpg",
            "https://media.istockphoto.com/id/1384894485/photo/interior-of-a-small-double-bed-hotel-bedroom.jpg?s=612x612&w=0&k=20&c=hMvvnAlfTvDYz5ltQHhBKzWcZt6yGUoHqCZeD6gRWRE=",
            "https://c8.alamy.com/comp/RKKRNM/simple-small-hotel-room-classic-single-bed-RKKRNM.jpg"
        ]
    },
    {
        "id": "11CDEFGH",
        "guest": "Liam King",
        "phone_number": "+1 123-456-7890",
        "order_date": "2023-10-11",
        "check_in": "2023-10-20",
        "check_out": "2023-10-25",
        "special_request": "I'd like a room with a king-sized bed.",
        "room_type": "Double Bed",
        "room_number": "202",
        "status": "In Progress",
        "photos": [
            "https://i.pinimg.com/originals/56/2c/97/562c97a653e162511371c8bb97286486.jpg",
            "https://media.istockphoto.com/id/1384894485/photo/interior-of-a-small-double-bed-hotel-bedroom.jpg?s=612x612&w=0&k=20&c=hMvvnAlfTvDYz5ltQHhBKzWcZt6yGUoHqCZeD6gRWRE=",
            "https://c8.alamy.com/comp/RKKRNM/simple-small-hotel-room-classic-single-bed-RKKRNM.jpg"
        ]
    },
    {
        "id": "12DEFGHI",
        "guest": "Mia White",
        "phone_number": "+1 234-567-8901",
        "order_date": "2023-10-12",
        "check_in": "2023-10-21",
        "check_out": "2023-10-26",
        "special_request": "I'd like a room with a sea view.",
        "room_type": "Single Bed",
        "room_number": "103",
        "status": "CheckOut",
        "photos": [
            "https://example.com/room_photos/single_bed_1_medium.jpg",
            "https://example.com/room_photos/single_bed_2_medium.jpg",
            "https://example.com/room_photos/single_bed_3_medium.jpg"
        ]
    },
    {
        "id": "13EFGHIJ",
        "guest": "Noah Clark",
        "phone_number": "+1 345-678-9012",
        "order_date": "2023-10-13",
        "check_in": "2023-10-22",
        "check_out": "2023-10-27",
        "special_request": "I need an accessible room with handrails.",
        "room_type": "Suite",
        "room_number": "302",
        "status": "CheckIn",
        "photos": [
            "https://example.com/room_photos/suite_1_medium.jpg",
            "https://example.com/room_photos/suite_2_medium.jpg",
            "https://example.com/room_photos/suite_3_medium.jpg"
        ]
    },
    {
        "id": "14FGHIJKL",
        "guest": "Oliver Turner",
        "phone_number": "+1 456-789-0123",
        "order_date": "2023-10-14",
        "check_in": "2023-10-23",
        "check_out": "2023-10-28",
        "special_request": "I'd like a bottle of red wine in the room.",
        "room_type": "Double Superior",
        "room_number": "122",
        "status": "In Progress",
        "photos": [
            "https://example.com/room_photos/double_superior_1_medium.jpg",
            "https://example.com/room_photos/double_superior_2_medium.jpg",
            "https://example.com/room_photos/double_superior_3_medium.jpg"
        ]
    },
    {
        "id": "15GHIJKLM",
        "guest": "Sophia Baker",
        "phone_number": "+1 567-890-1234",
        "order_date": "2023-10-15",
        "check_in": "2023-10-24",
        "check_out": "2023-10-29",
        "special_request": "Please arrange a spa session for me during my stay.",
        "room_type": "Single Bed",
        "room_number": "209",
        "status": "CheckIn",
        "photos": [
            "https://example.com/room_photos/single_bed_1_medium.jpg",
            "https://example.com/room_photos/single_bed_2_medium.jpg",
            "https://example.com/room_photos/single_bed_3_medium.jpg"
        ]
    },
    {
        "id": "16HIJKLMN",
        "guest": "Lucas Adams",
        "phone_number": "+1 678-901-2345",
        "order_date": "2023-10-16",
        "check_in": "2023-10-25",
        "check_out": "2023-10-30",
        "special_request": "I'd like a room with a jacuzzi.",
        "room_type": "Suite",
        "room_number": "406",
        "status": "CheckIn",
        "photos": [
            "https://example.com/room_photos/suite_1_medium.jpg",
            "https://example.com/room_photos/suite_2_medium.jpg",
            "https://example.com/room_photos/suite_3_medium.jpg"
        ]
    },
    {
        "id": "17IJKLMNO",
        "guest": "Lily Martin",
        "phone_number": "+1 789-012-3456",
        "order_date": "2023-10-17",
        "check_in": "2023-10-26",
        "check_out": "2023-10-31",
        "special_request": "I'd like a room with a fireplace and room service.",
        "room_type": "Double Bed",
        "room_number": "1504",
        "status": "CheckIn",
        "photos": [
            "https://i.pinimg.com/originals/56/2c/97/562c97a653e162511371c8bb97286486.jpg",
            "https://media.istockphoto.com/id/1384894485/photo/interior-of-a-small-double-bed-hotel-bedroom.jpg?s=612x612&w=0&k=20&c=hMvvnAlfTvDYz5ltQHhBKzWcZt6yGUoHqCZeD6gRWRE=",
            "https://c8.alamy.com/comp/RKKRNM/simple-small-hotel-room-classic-single-bed-RKKRNM.jpg"
        ]
    },
    {
        "id": "18JKLMNOP",
        "guest": "Henry Wilson",
        "phone_number": "+1 890-123-4567",
        "order_date": "2023-10-18",
        "check_in": "2023-10-27",
        "check_out": "2023-11-01",
        "special_request": "I'd like a room with a balcony and a view of the ocean.",
        "room_type": "Double Superior",
        "room_number": "508",
        "status": "CheckIn",
        "photos": [
            "https://example.com/room_photos/double_superior_1_medium.jpg",
            "https://example.com/room_photos/double_superior_2_medium.jpg",
            "https://example.com/room_photos/double_superior_3_medium.jpg"
        ]
    },
    {
        "id": "19KLMNOPQ",
        "guest": "Ella Turner",
        "phone_number": "+1 901-234-5678",
        "order_date": "2023-10-19",
        "check_in": "2023-10-28",
        "check_out": "2023-11-02",
        "special_request": "I'd like a room with a king-sized bed and a bottle of champagne.",
        "room_type": "Suite",
        "room_number": "810",
        "status": "CheckIn",
        "photos": [
            "https://example.com/room_photos/suite_1_medium.jpg",
            "https://example.com/room_photos/suite_2_medium.jpg",
            "https://example.com/room_photos/suite_3_medium.jpg"
        ]
    },
    {
        "id": "20LMNOPQR",
        "guest": "Michael Turner",
        "phone_number": "+1 012-345-6789",
        "order_date": "2023-10-20",
        "check_in": "2023-10-29",
        "check_out": "2023-11-03",
        "special_request": "Please provide extra towels.",
        "room_type": "Double Bed",
        "room_number": "210",
        "status": "In Progress",
        "photos": [
            "https://i.pinimg.com/originals/56/2c/97/562c97a653e162511371c8bb97286486.jpg",
            "https://media.istockphoto.com/id/1384894485/photo/interior-of-a-small-double-bed-hotel-bedroom.jpg?s=612x612&w=0&k=20&c=hMvvnAlfTvDYz5ltQHhBKzWcZt6yGUoHqCZeD6gRWRE=",
            "https://c8.alamy.com/comp/RKKRNM/simple-small-hotel-room-classic-single-bed-RKKRNM.jpg"
        ]
    },
    {
        "id": "21MNOPQRS",
        "guest": "Daniel Baker",
        "phone_number": "+1 123-456-7890",
        "order_date": "2023-10-21",
        "check_in": "2023-10-30",
        "check_out": "2023-11-04",
        "special_request": "I'd like a room with a mountain view.",
        "room_type": "Double Bed",
        "room_number": "203",
        "status": "CheckIn",
        "photos": [
            "https://i.pinimg.com/originals/56/2c/97/562c97a653e162511371c8bb97286486.jpg",
            "https://media.istockphoto.com/id/1384894485/photo/interior-of-a-small-double-bed-hotel-bedroom.jpg?s=612x612&w=0&k=20&c=hMvvnAlfTvDYz5ltQHhBKzWcZt6yGUoHqCZeD6gRWRE=",
            "https://c8.alamy.com/comp/RKKRNM/simple-small-hotel-room-classic-single-bed-RKKRNM.jpg"
        ]
    },
    {
        "id": "22NOPQRST",
        "guest": "Matthew Turner",
        "phone_number": "+1 234-567-8901",
        "order_date": "2023-10-22",
        "check_in": "2023-10-31",
        "check_out": "2023-11-05",
        "special_request": "I'd like a room with a river view.",
        "room_type": "Single Bed",
        "room_number": "104",
        "status": "CheckIn",
        "photos": [
            "https://example.com/room_photos/single_bed_1_medium.jpg",
            "https://example.com/room_photos/single_bed_2_medium.jpg",
            "https://example.com/room_photos/single_bed_3_medium.jpg"
        ]
    },
    {
        "id": "23OPQRSTU",
        "guest": "Emma White",
        "phone_number": "+1 345-678-9012",
        "order_date": "2023-10-23",
        "check_in": "2023-11-01",
        "check_out": "2023-11-06",
        "special_request": "I'd like a room with a garden view.",
        "room_type": "Suite",
        "room_number": "303",
        "status": "CheckIn",
        "photos": [
            "https://example.com/room_photos/suite_1_medium.jpg",
            "https://example.com/room_photos/suite_2_medium.jpg",
            "https://example.com/room_photos/suite_3_medium.jpg"
        ]
    },
    {
        "id": "24PQRSTUV",
        "guest": "Olivia Martin",
        "phone_number": "+1 456-789-0123",
        "order_date": "2023-10-24",
        "check_in": "2023-11-02",
        "check_out": "2023-11-07",
        "special_request": "I'd like a room with a pool view.",
        "room_type": "Double Superior",
        "room_number": "123",
        "status": "CheckIn",
        "photos": [
            "https://example.com/room_photos/double_superior_1_medium.jpg",
            "https://example.com/room_photos/double_superior_2_medium.jpg",
            "https://example.com/room_photos/double_superior_3_medium.jpg"
        ]
    },
    {
        "id": "25QRSTUVW",
        "guest": "Ava Adams",
        "phone_number": "+1 567-890-1234",
        "order_date": "2023-10-25",
        "check_in": "2023-11-03",
        "check_out": "2023-11-08",
        "special_request": "Please provide a crib and baby essentials.",
        "room_type": "Single Bed",
        "room_number": "210",
        "status": "CheckIn",
        "photos": [
            "https://example.com/room_photos/single_bed_1_medium.jpg",
            "https://example.com/room_photos/single_bed_2_medium.jpg",
            "https://example.com/room_photos/single_bed_3_medium.jpg"
        ]
    },
    {
        "id": "26RSTUVWX",
        "guest": "Charlotte Baker",
        "phone_number": "+1 678-901-2345",
        "order_date": "2023-10-26",
        "check_in": "2023-11-04",
        "check_out": "2023-11-09",
        "special_request": "I'd like a room with a view of the sunset.",
        "room_type": "Suite",
        "room_number": "407",
        "status": "CheckIn",
        "photos": [
            "https://example.com/room_photos/suite_1_medium.jpg",
            "https://example.com/room_photos/suite_2_medium.jpg",
            "https://example.com/room_photos/suite_3_medium.jpg"
        ]
    },
    {
        "id": "27STUVWXY",
        "guest": "Amelia Taylor",
        "phone_number": "+1 789-012-3456",
        "order_date": "2023-10-27",
        "check_in": "2023-11-05",
        "check_out": "2023-11-10",
        "special_request": "I'd like a room with a balcony and a city view.",
        "room_type": "Double Bed",
        "room_number": "1505",
        "status": "CheckIn",
        "photos": [
            "https://i.pinimg.com/originals/56/2c/97/562c97a653e162511371c8bb97286486.jpg",
            "https://media.istockphoto.com/id/1384894485/photo/interior-of-a-small-double-bed-hotel-bedroom.jpg?s=612x612&w=0&k=20&c=hMvvnAlfTvDYz5ltQHhBKzWcZt6yGUoHqCZeD6gRWRE=",
            "https://c8.alamy.com/comp/RKKRNM/simple-small-hotel-room-classic-single-bed-RKKRNM.jpg"
        ]
    },
    {
        "id": "28TUVWXYZ",
        "guest": "Harper Wilson",
        "phone_number": "+1 890-123-4567",
        "order_date": "2023-10-28",
        "check_in": "2023-11-06",
        "check_out": "2023-11-11",
        "special_request": "I'd like a room with a fireplace and room service.",
        "room_type": "Double Superior",
        "room_number": "509",
        "status": "CheckIn",
        "photos": [
            "https://example.com/room_photos/double_superior_1_medium.jpg",
            "https://example.com/room_photos/double_superior_2_medium.jpg",
            "https://example.com/room_photos/double_superior_3_medium.jpg"
        ]
    },
    {
        "id": "29UVWXYZA",
        "guest": "Evelyn Turner",
        "phone_number": "+1 901-234-5678",
        "order_date": "2023-10-29",
        "check_in": "2023-11-07",
        "check_out": "2023-11-12",
        "special_request": "I'd like a room with a king-sized bed and a bottle of champagne.",
        "room_type": "Suite",
        "room_number": "811",
        "status": "CheckIn",
        "photos": [
            "https://example.com/room_photos/suite_1_medium.jpg",
            "https://example.com/room_photos/suite_2_medium.jpg",
            "https://example.com/room_photos/suite_3_medium.jpg"
        ]
    },
    {
        "id": "30VWXYZAB",
        "guest": "Sebastian Martin",
        "phone_number": "+1 012-345-6789",
        "order_date": "2023-10-30",
        "check_in": "2023-11-08",
        "check_out": "2023-11-13",
        "special_request": "Please provide extra towels.",
        "room_type": "Double Bed",
        "room_number": "211",
        "status": "CheckIn",
        "photos": [
            "https://i.pinimg.com/originals/56/2c/97/562c97a653e162511371c8bb97286486.jpg",
            "https://media.istockphoto.com/id/1384894485/photo/interior-of-a-small-double-bed-hotel-bedroom.jpg?s=612x612&w=0&k=20&c=hMvvnAlfTvDYz5ltQHhBKzWcZt6yGUoHqCZeD6gRWRE=",
            "https://c8.alamy.com/comp/RKKRNM/simple-small-hotel-room-classic-single-bed-RKKRNM.jpg"
        ]
    },
    {
        "id": "31WXYZABC",
        "guest": "Lucy Baker",
        "phone_number": "+1 123-456-7890",
        "order_date": "2023-10-31",
        "check_in": "2023-11-09",
        "check_out": "2023-11-14",
        "special_request": "I'd like a room with a mountain view.",
        "room_type": "Double Bed",
        "room_number": "204",
        "status": "CheckIn",
        "photos": [
            "https://i.pinimg.com/originals/56/2c/97/562c97a653e162511371c8bb97286486.jpg",
            "https://media.istockphoto.com/id/1384894485/photo/interior-of-a-small-double-bed-hotel-bedroom.jpg?s=612x612&w=0&k=20&c=hMvvnAlfTvDYz5ltQHhBKzWcZt6yGUoHqCZeD6gRWRE=",
            "https://c8.alamy.com/comp/RKKRNM/simple-small-hotel-room-classic-single-bed-RKKRNM.jpg"
        ]
    },
    {
        "id": "32XYZABCD",
        "guest": "William Turner",
        "phone_number": "+1 234-567-8901",
        "order_date": "2023-11-01",
        "check_in": "2023-11-10",
        "check_out": "2023-11-15",
        "special_request": "I'd like a room with a river view.",
        "room_type": "Single Bed",
        "room_number": "105",
        "status": "CheckIn",
        "photos": [
            "https://example.com/room_photos/single_bed_1_medium.jpg",
            "https://example.com/room_photos/single_bed_2_medium.jpg",
            "https://example.com/room_photos/single_bed_3_medium.jpg"
        ]
    },
    {
        "id": "33YZABCDE",
        "guest": "James Wilson",
        "phone_number": "+1 345-678-9012",
        "order_date": "2023-11-02",
        "check_in": "2023-11-11",
        "check_out": "2023-11-16",
        "special_request": "I'd like a room with a garden view.",
        "room_type": "Suite",
        "room_number": "304",
        "status": "CheckIn",
        "photos": [
            "https://example.com/room_photos/suite_1_medium.jpg",
            "https://example.com/room_photos/suite_2_medium.jpg",
            "https://example.com/room_photos/suite_3_medium.jpg"
        ]
    },
    {
        "id": "34ZABCDEF",
        "guest": "Benjamin Martin",
        "phone_number": "+1 456-789-0123",
        "order_date": "2023-11-03",
        "check_in": "2023-11-12",
        "check_out": "2023-11-17",
        "special_request": "I'd like a room with a pool view.",
        "room_type": "Double Superior",
        "room_number": "124",
        "status": "CheckIn",
        "photos": [
            "https://example.com/room_photos/double_superior_1_medium.jpg",
            "https://example.com/room_photos/double_superior_2_medium.jpg",
            "https://example.com/room_photos/double_superior_3_medium.jpg"
        ]
    },
    {
        "id": "35ABCDEFW",
        "guest": "Henry Davis",
        "phone_number": "+1 567-890-1234",
        "order_date": "2023-11-04",
        "check_in": "2023-11-13",
        "check_out": "2023-11-18",
        "special_request": "Please provide a crib and baby essentials.",
        "room_type": "Single Bed",
        "room_number": "211",
        "status": "CheckIn",
        "photos": [
            "https://example.com/room_photos/single_bed_1_medium.jpg",
            "https://example.com/room_photos/single_bed_2_medium.jpg",
            "https://example.com/room_photos/single_bed_3_medium.jpg"
        ]
    },
    {
        "id": "36BCDEFGH",
        "guest": "Samuel Turner",
        "phone_number": "+1 678-901-2345",
        "order_date": "2023-11-05",
        "check_in": "2023-11-14",
        "check_out": "2023-11-19",
        "special_request": "I'd like a room with a view of the sunset.",
        "room_type": "Suite",
        "room_number": "408",
        "status": "CheckIn",
        "photos": [
            "https://example.com/room_photos/suite_1_medium.jpg",
            "https://example.com/room_photos/suite_2_medium.jpg",
            "https://example.com/room_photos/suite_3_medium.jpg"
        ]
    },
    {
        "id": "37CDEFGHI",
        "guest": "Matthew Taylor",
        "phone_number": "+1 789-012-3456",
        "order_date": "2023-11-06",
        "check_in": "2023-11-15",
        "check_out": "2023-11-20",
        "special_request": "I'd like a room with a balcony and a city view.",
        "room_type": "Double Bed",
        "room_number": "1506",
        "status": "CheckIn",
        "photos": [
            "https://i.pinimg.com/originals/56/2c/97/562c97a653e162511371c8bb97286486.jpg",
            "https://media.istockphoto.com/id/1384894485/photo/interior-of-a-small-double-bed-hotel-bedroom.jpg?s=612x612&w=0&k=20&c=hMvvnAlfTvDYz5ltQHhBKzWcZt6yGUoHqCZeD6gRWRE=",
            "https://c8.alamy.com/comp/RKKRNM/simple-small-hotel-room-classic-single-bed-RKKRNM.jpg"
        ]
    },
    {
        "id": "38DEFGHIJ",
        "guest": "Daniel Martin",
        "phone_number": "+1 901-234-5678",
        "order_date": "2023-11-07",
        "check_in": "2023-11-16",
        "check_out": "2023-11-21",
        "special_request": "I'd like a room with a fireplace and room service.",
        "room_type": "Double Superior",
        "room_number": "510",
        "status": "CheckIn",
        "photos": [
            "https://example.com/room_photos/double_superior_1_medium.jpg",
            "https://example.com/room_photos/double_superior_2_medium.jpg",
            "https://example.com/room_photos/double_superior_3_medium.jpg"
        ]
    },
    {
        "id": "39EFGHIJK",
        "guest": "Henry Baker",
        "phone_number": "+1 012-345-6789",
        "order_date": "2023-11-08",
        "check_in": "2023-11-17",
        "check_out": "2023-11-22",
        "special_request": "I'd like a room with a king-sized bed and a bottle of champagne.",
        "room_type": "Suite",
        "room_number": "812",
        "status": "CheckIn",
        "photos": [
            "https://example.com/room_photos/suite_1_medium.jpg",
            "https://example.com/room_photos/suite_2_medium.jpg",
            "https://example.com/room_photos/suite_3_medium.jpg"
        ]
    },
    {
        "id": "40FGHIJKL",
        "guest": "Evelyn Wilson",
        "phone_number": "+1 567-890-1234",
        "order_date": "2023-11-09",
        "check_in": "2023-11-18",
        "check_out": "2023-11-23",
        "special_request": "Please provide extra towels.",
        "room_type": "Double Bed",
        "room_number": "212",
        "status": "CheckIn",
        "photos": [
            "https://i.pinimg.com/originals/56/2c/97/562c97a653e162511371c8bb97286486.jpg",
            "https://media.istockphoto.com/id/1384894485/photo/interior-of-a-small-double-bed-hotel-bedroom.jpg?s=612x612&w=0&k=20&c=hMvvnAlfTvDYz5ltQHhBKzWcZt6yGUoHqCZeD6gRWRE=",
            "https://c8.alamy.com/comp/RKKRNM/simple-small-hotel-room-classic-single-bed-RKKRNM.jpg"
        ]
    }
]
